-- 1. WAREHOUSE
INSERT INTO WAREHOUSE (
        WarehouseID,
        [Address],
        [Size],
        Temperature,
        Security
    )
VALUES (
        1,
        '123 Changi North, Singapore',
        '50000 sqft',
        'Ambient',
        'High'
    ),
    (
        2,
        '45 Tuas South, Singapore',
        '30000 sqft',
        'Refrigerated',
        'Medium'
    ),
    (
        3,
        '88 Jurong Island, Singapore',
        '20000 sqft',
        'Frozen',
        'High'
    ),
    (
        4,
        '12 Sunset Blvd, Los Angeles, USA',
        '100000 sqft',
        'Ambient',
        'High'
    ),
    (
        5,
        '55 Hollywood Way, Los Angeles, USA',
        '75000 sqft',
        'Ambient',
        'Medium'
    ),
    (
        6,
        '99 Alpine Rd, Zurich',
        '15000 sqft',
        'Refrigerated',
        'High'
    ),
    (
        7,
        '101 Bangkok Central, Thailand',
        '60000 sqft',
        'Ambient',
        'High'
    ),
    (
        8,
        '22 Sakura Ln, Tokyo',
        '40000 sqft',
        'Ambient',
        'Medium'
    );
-- 2. ZONE
INSERT INTO ZONE (WarehouseID, ZoneType)
VALUES (1, 'Receiving'),
    (1, 'Bulk Storage'),
    (2, 'Picking'),
    (3, 'Shipping Dock'),
    (4, 'Packing'),
    (5, 'Receiving'),
    (6, 'Bulk Storage'),
    (7, 'Hazardous');
-- 3. LOCATION
INSERT INTO LOCATION (LocationCode, WarehouseID, ZoneType)
VALUES ('A-01', 1, 'Receiving'),
    ('B-05', 1, 'Bulk Storage'),
    ('C-10', 2, 'Picking'),
    ('D-02', 3, 'Shipping Dock'),
    ('E-11', 4, 'Packing'),
    ('F-09', 5, 'Receiving'),
    ('G-03', 6, 'Bulk Storage'),
    ('H-07', 7, 'Hazardous');
-- 4. CLIENT
INSERT INTO CLIENT (
        ClientID,
        ServiceTier,
        CompanyName,
        StartDate,
        ContactPerson
    )
VALUES (
        1,
        'Platinum',
        'TechGiant Corp',
        '2023-01-15',
        'Alice Tan'
    ),
    (
        2,
        'Gold',
        'FreshFoods Ltd',
        '2023-03-20',
        'Bob Miller'
    ),
    (
        3,
        'Silver',
        'AutoParts Inc',
        '2023-06-10',
        'Charlie Day'
    ),
    (
        4,
        'Bronze',
        'RetailWorks',
        '2023-08-01',
        'Diana Prince'
    ),
    (
        5,
        'Platinum',
        'Global Pharma',
        '2022-11-12',
        'Edward Norton'
    ),
    (
        6,
        'Silver',
        'EcoBuild',
        '2024-01-05',
        'Fiona Gallagher'
    ),
    (
        7,
        'Gold',
        'SkyHigh Electronics',
        '2023-05-22',
        'George Bluth'
    ),
    (
        8,
        'Platinum',
        'Luxury Goods Co',
        '2023-09-30',
        'Hannah Abbott'
    );
-- 5. PRODUCT
INSERT INTO PRODUCT (ProductID, [Name], Brand, Cost, Category, Price)
VALUES (
        101,
        'Smartphone X',
        'TechBrand',
        400.00,
        'Electronics',
        899.00
    ),
    (
        102,
        'Frozen Peas',
        'GreenFarm',
        1.50,
        'Food',
        3.50
    ),
    (
        103,
        'Brake Pads',
        'FastStop',
        45.00,
        'Automotive',
        120.00
    ),
    (
        104,
        'Cotton T-Shirt',
        'BasicWear',
        5.00,
        'Apparel',
        19.99
    ),
    (
        105,
        'Insulin Vials',
        'MediCure',
        50.00,
        'Pharma',
        150.00
    ),
    (
        106,
        'Solar Panel',
        'SunPower',
        200.00,
        'Energy',
        450.00
    ),
    (
        107,
        'Organic Milk',
        'DairyPure',
        2.00,
        'Food',
        4.50
    ),
    (
        108,
        'Leather Bag',
        'Luxe',
        300.00,
        'Luxury',
        1200.00
    );
-- 6. INVENTORY
INSERT INTO INVENTORY (
        InventorySerial,
        WarehouseID,
        ProductID,
        ClientID,
        RQty,
        HQty,
        SQty,
        OQty,
        [Location]
    )
VALUES (1001, 1, 101, 1, 10, 100, 90, 200, 'LOC-01'),
    (1002, 1, 102, 2, 10, 100, 90, 200, 'LOC-02'),
    (1003, 1, 103, 3, 10, 100, 90, 200, 'LOC-03'),
    (1004, 4, 101, 1, 10, 100, 90, 200, 'LOC-04'),
    (1005, 4, 104, 4, 10, 100, 90, 200, 'LOC-05'),
    (1006, 7, 106, 6, 10, 100, 90, 200, 'LOC-06'),
    (1007, 2, 107, 2, 10, 100, 90, 200, 'LOC-07'),
    (1008, 3, 108, 8, 10, 100, 90, 200, 'LOC-08');
-- 7. INVENTORY_LOG
INSERT INTO INVENTORY_LOG (
        InventorySerial,
        WarehouseID,
        ProductID,
        ClientID,
        [Timestamp],
        Movement,
        Reason
    )
VALUES (
        1001,
        1,
        101,
        1,
        '2026-03-01 09:00:00',
        'Receipt',
        'New Stock Arrival'
    ),
    (
        1002,
        1,
        102,
        2,
        '2026-03-02 10:30:00',
        'Pick',
        'Order Fulfillment'
    ),
    (
        1003,
        1,
        103,
        3,
        '2026-03-03 14:15:00',
        'Adjustment',
        'Damage Discovery'
    ),
    (
        1004,
        4,
        101,
        1,
        '2026-03-04 08:45:00',
        'Putaway',
        'Dock to Shelf'
    ),
    (
        1005,
        4,
        104,
        4,
        '2026-03-05 11:00:00',
        'Receipt',
        'Supplier Delivery'
    ),
    (
        1006,
        7,
        106,
        6,
        '2026-03-06 16:20:00',
        'Pick',
        'Outbound Shipment'
    ),
    (
        1007,
        2,
        107,
        2,
        '2026-03-07 07:10:00',
        'Adjustment',
        'Cycle Count'
    ),
    (
        1008,
        3,
        108,
        8,
        '2026-03-08 13:00:00',
        'Receipt',
        'Restock'
    );
-- 8. SUPPLIER
INSERT INTO SUPPLIER (SupplierID, Country, [Name], PaymentTerms)
VALUES (1, 'China', 'SG-Only Supplier', 'Net 30'),
    (2, 'USA', 'Global Supply Co', 'Net 15'),
    (3, 'Germany', 'EuroParts', 'COD'),
    (4, 'Thailand', 'Thai Logistics', 'Net 30'),
    (5, 'Singapore', 'Merlion Mfg', 'Net 30'),
    (6, 'Japan', 'Nippon Export', 'Net 30'),
    (7, 'India', 'Bharat Tech', 'Net 45'),
    (8, 'Italy', 'Venezia Goods', 'Net 30');
-- 9. SUPPLY
INSERT INTO SUPPLY (
        [Period],
        ProductID,
        ClientID,
        SupplierID,
        LeadTime
    )
VALUES -- 2024 Q1
    ('2024-Q1', 101, 1, 1, 14),
    ('2024-Q1', 102, 2, 2, 7),
    ('2024-Q1', 103, 1, 1, 13),
    ('2024-Q1', 104, 4, 4, 18),
    ('2024-Q1', 105, 5, 7, 15),
    ('2024-Q1', 106, 3, 3, 21),
    ('2024-Q1', 107, 3, 4, 10),
    ('2024-Q1', 108, 8, 6, 20),
    -- task 6
    ('2024-Q1', 102, 2, 1, 14),
    ('2024-Q1', 108, 8, 1, 16),
    ('2024-Q1', 107, 2, 1, 10),
    -- 2024 q2
    ('2024-Q2', 102, 2, 2, 7),
    ('2024-Q2', 101, 7, 6, 14),
    ('2024-Q2', 105, 5, 5, 10),
    ('2024-Q2', 106, 6, 3, 21),
    ('2024-Q2', 101, 1, 1, 14),
    -- 2025 Q1
    ('2025-Q1', 103, 3, 3, 21),
    ('2025-Q1', 101, 7, 6, 14),
    -- 2025 Q2
    ('2025-Q2', 102, 2, 2, 7),
    ('2025-Q2', 105, 5, 5, 10),
    ('2025-Q2', 101, 1, 1, 14),
    -- 2025 Q3
    ('2025-Q3', 104, 4, 4, 30),
    ('2025-Q3', 108, 8, 8, 45),
    ('2025-Q3', 106, 6, 7, 25),
    -- 2025 Q4
    ('2025-Q4', 107, 2, 2, 5),
    ('2025-Q4', 101, 7, 6, 14),
    -- 2026 Q1
    ('2026-Q1', 101, 1, 1, 14),
    ('2026-Q1', 102, 2, 2, 7),
    ('2026-Q1', 103, 3, 3, 21),
    ('2026-Q1', 104, 4, 4, 30),
    ('2026-Q1', 105, 5, 5, 10),
    ('2026-Q1', 106, 6, 6, 25),
    ('2026-Q1', 107, 2, 2, 5),
    ('2026-Q1', 108, 8, 8, 45),
    ('2026-Q1', 103, 1, 1, 14),
    ('2026-Q1', 102, 3, 3, 21);
--task 7 
INSERT INTO SUPPLY (
        [Period],
        ProductID,
        ClientID,
        SupplierID,
        LeadTime
    )
VALUES ('2025-Q4', 102, 2, 2, 7);
--- 10. PURCHASEORDER
INSERT INTO PURCHASEORDER (OrderID, OrderDate, [Status], [Value])
VALUES (
        5001,
        '2024-01-05',
        'Draft',
        40000.00
    ),
    (
        5002,
        '2024-01-10',
        'Submitted',
        28500.00
    ),
    (
        5003,
        '2024-02-01',
        'Cancelled',
        27500.00
    ),
    (
        5004,
        '2024-01-15',
        'Confirmed',
        48000.00
    ),
    (
        5005,
        '2024-01-18',
        'Confirmed',
        15750.00
    ),
    (
        5006,
        '2024-01-20',
        'Partially Received',
        21000.00
    ),
    (
        5007,
        '2024-02-05',
        'Fully Received',
        16200.00
    ),
    (
        5008,
        '2024-02-10',
        'Fully Received',
        54600.00
    ),
    (5009, '2024-03-01', 'Fully Received', 36000.00),
    (5010, '2024-03-10', 'Fully Received', 22400.00),
    (5011, '2024-03-18', 'Fully Received', 47250.00),
    (5012, '2024-04-02', 'Fully Received', 31500.00),
    (5013, '2024-04-15', 'Fully Received', 58500.00),
    (5014, '2025-01-10', 'Fully Received', 42000.00),
    (5015, '2025-02-05', 'Fully Received', 40000.00),
    (5016, '2025-03-12', 'Fully Received', 30000.00),
    (5017, '2025-04-08', 'Fully Received', 39000.00),
    (5018, '2025-05-20', 'Fully Received', 48000.00),
    (5019, '2025-06-15', 'Fully Received', 36000.00),
    (5020, '2025-07-22', 'Fully Received', 45000.00),
    (5021, '2025-08-18', 'Fully Received', 40000.00),
    (5022, '2025-10-05', 'Fully Received', 32000.00),
    (5023, '2025-11-30', 'Fully Received', 44000.00),
    (5024, '2026-01-14', 'Fully Received', 36000.00),
    (5025, '2026-01-28', 'Fully Received', 45500.00),
    (5026, '2026-02-15', 'Fully Received', 36000.00),
    (5027, '2026-03-10', 'Fully Received', 50000.00),
    --TASK 6
    (5028, '2024-02-10', 'Fully Received', 5000.00),
    (5029, '2024-02-18', 'Fully Received', 8000.00),
    (5030, '2024-03-01', 'Fully Received', 3000.00);
--task 7
INSERT INTO PURCHASEORDER (OrderID, OrderDate, [Status], [Value])
VALUES (5031, '2025-01-10', 'Fully Received', 42000.00),
    (5032, '2025-06-01', 'Fully Received', 48000.00),
    (5033, '2025-10-01', 'Fully Received', 30000.00);
-- 11. CLIENT_HAS_PURCHASEORDER
INSERT INTO CLIENT_HAS_PURCHASEORDER (ClientID, OrderID)
VALUES (1, 5001),
    (2, 5002),
    (3, 5003),
    (1, 5004),
    (5, 5005),
    (4, 5006),
    (3, 5007),
    (8, 5008),
    (2, 5009),
    (7, 5010),
    (5, 5011),
    (6, 5012),
    (1, 5013),
    (3, 5014),
    (7, 5015),
    (2, 5016),
    (5, 5017),
    (1, 5018),
    (4, 5019),
    (8, 5020),
    (6, 5021),
    (2, 5022),
    (7, 5023),
    (1, 5024),
    (5, 5025),
    (3, 5026),
    (8, 5027),
    --TASK 6
    (2, 5028),
    (8, 5029),
    (2, 5030);
--task 7
INSERT INTO CLIENT_HAS_PURCHASEORDER (ClientID, OrderID)
VALUES (3, 5031),
    (1, 5032),
    (2, 5033);
-- 12. ITEM (Added SN-1009 to SN-1015)
INSERT INTO ITEM (ItemSerial, ProductID)
VALUES ('SN-1001', 101),
    ('SN-1002', 102),
    ('SN-1003', 106),
    ('SN-1004', 103),
    ('SN-1005', 105),
    ('SN-1006', 104),
    ('SN-1007', 107),
    ('SN-1008', 108),
    ('SN-1009', 102),
    ('SN-1010', 101),
    ('SN-1011', 105),
    ('SN-1012', 106),
    ('SN-1013', 101),
    ('SN-1014', 103),
    ('SN-1015', 101),
    ('SN-1016', 102),
    ('SN-1017', 105),
    ('SN-1018', 101),
    ('SN-1019', 104),
    ('SN-1020', 108),
    ('SN-1021', 106),
    ('SN-1022', 107),
    ('SN-1023', 101),
    ('SN-1024', 103),
    ('SN-1025', 105),
    ('SN-1026', 102),
    ('SN-1027', 108),
    ('SN-1028', 102),
    ('SN-1029', 108),
    ('SN-1030', 107);
--task 7 
INSERT INTO ITEM (ItemSerial, ProductID)
VALUES ('SN-1031', 103),
    ('SN-1032', 101),
    ('SN-1033', 102);
-- 13. ORDERITEM (Mapping the new items to the orders)
INSERT INTO ORDERITEM (
        ItemSerial,
        OrderID,
        ExpDelDate,
        UnitPrice,
        OrderedQty
    )
VALUES ('SN-1001', 5001, NULL, 80.00, 500),
    ('SN-1002', 5002, NULL, 95.00, 300),
    ('SN-1003', 5003, NULL, 110.00, 250),
    ('SN-1004', 5004, '2024-02-10', 120.00, 400),
    ('SN-1005', 5005, '2024-02-14', 45.00, 350),
    ('SN-1006', 5006, '2024-02-20', 60.00, 350),
    ('SN-1007', 5007, '2024-02-25', 90.00, 180),
    ('SN-1008', 5008, '2024-03-05', 130.00, 420),
    ('SN-1009', 5009, '2024-03-08', 2.00, 400),
    -- LeadTime 7 days  → due 2024-03-08
    ('SN-1010', 5010, '2024-04-09', 80.00, 280),
    -- LeadTime 30 days → due 2024-04-09
    ('SN-1011', 5011, '2024-03-28', 45.00, 350),
    -- LeadTime 10 days → due 2024-03-28
    ('SN-1012', 5012, '2024-04-23', 110.00, 210),
    -- LeadTime 21 days → due 2024-04-23
    ('SN-1013', 5013, '2024-04-29', 80.00, 450),
    -- LeadTime 14 days → due 2024-04-29
    ('SN-1014', 5014, '2025-02-10', 120.00, 350),
    ('SN-1015', 5015, '2025-03-15', 800.00, 50),
    ('SN-1016', 5016, '2025-04-05', 3.00, 10000),
    ('SN-1017', 5017, '2025-05-10', 130.00, 300),
    ('SN-1018', 5018, '2025-06-20', 800.00, 60),
    ('SN-1019', 5019, '2025-07-20', 18.00, 2000),
    ('SN-1020', 5020, '2025-08-25', 1000.00, 45),
    ('SN-1021', 5021, '2025-09-25', 400.00, 100),
    ('SN-1022', 5022, '2025-11-01', 4.00, 8000),
    ('SN-1023', 5023, '2026-01-10', 800.00, 55),
    ('SN-1024', 5024, '2026-02-10', 120.00, 300),
    ('SN-1025', 5025, '2026-02-20', 130.00, 350),
    ('SN-1026', 5026, '2026-03-15', 3.00, 12000),
    ('SN-1027', 5027, '2026-04-10', 1000.00, 50);
-- TASK 6
INSERT INTO ORDERITEM (
        ItemSerial,
        OrderID,
        ExpDelDate,
        UnitPrice,
        OrderedQty
    )
VALUES ('SN-1028', 5028, '2024-02-26', 50, 100),
    ('SN-1029', 5029, '2024-03-06', 160, 50),
    ('SN-1030', 5030, '2024-03-10', 15, 200);
--task 7
INSERT INTO ORDERITEM (
        ItemSerial,
        OrderID,
        ExpDelDate,
        UnitPrice,
        OrderedQty
    )
VALUES ('SN-1031', 5031, '2025-02-15', 120.00, 350),
    ('SN-1032', 5032, '2025-06-25', 800.00, 60),
    ('SN-1033', 5033, '2025-11-05', 3.00, 10000);
-- 14. SHIPMENT 
INSERT INTO SHIPMENT (
        ShipmentID,
        OrderID,
        ExpectedDispatchDate,
        ActualDispatchDate,
        ExpectedArrivalDate,
        ActualArrivalDate,
        OriginalLocation,
        TrackingNum
    )
VALUES (
        7004,
        5004,
        '2024-01-28',
        NULL,
        '2024-02-10',
        NULL,
        'Shenzhen Port',
        'TRK5004A'
    ),
    (
        7005,
        5005,
        '2024-01-30',
        NULL,
        '2024-02-14',
        NULL,
        'Mumbai Port',
        'TRK5005A'
    ),
    (
        7006,
        5006,
        '2024-02-01',
        '2024-02-03',
        '2024-02-15',
        '2024-02-16',
        'Jakarta Port',
        'TRK5006A'
    ),
    (
        7007,
        5006,
        '2024-02-05',
        '2024-02-06',
        '2024-02-20',
        '2024-02-21',
        'Jakarta Port',
        'TRK5006B'
    ),
    (
        7008,
        5007,
        '2024-02-10',
        '2024-02-11',
        '2024-02-24',
        '2024-02-25',
        'Bangkok Depot',
        'TRK5007A'
    ),
    (
        7009,
        5008,
        '2024-02-15',
        '2024-02-16',
        '2024-03-01',
        '2024-03-02',
        'Busan Terminal',
        'TRK5008A'
    ),
    (
        7010,
        5008,
        '2024-02-18',
        '2024-02-19',
        '2024-03-04',
        '2024-03-05',
        'Busan Terminal',
        'TRK5008B'
    ),
    (
        7011,
        5009,
        '2024-03-03',
        '2024-03-03',
        '2024-03-08',
        '2024-03-08',
        'Los Angeles Port',
        'TRK5009A'
    ),
    (
        7012,
        5010,
        '2024-03-17',
        '2024-03-21',
        '2024-04-09',
        '2024-04-15',
        'Tokyo Port',
        'TRK5010A'
    ),
    (
        7013,
        5011,
        '2024-03-22',
        '2024-03-25',
        '2024-03-28',
        '2024-04-02',
        'Singapore Port',
        'TRK5011A'
    ),
    (
        7014,
        5012,
        '2024-04-07',
        '2024-04-10',
        '2024-04-23',
        '2024-05-01',
        'Hamburg Port',
        'TRK5012A'
    ),
    (
        7015,
        5012,
        '2024-04-10',
        '2024-04-13',
        '2024-04-26',
        '2024-04-30',
        'Hamburg Port',
        'TRK5012B'
    ),
    (
        7016,
        5013,
        '2024-04-20',
        '2024-04-25',
        '2024-04-29',
        '2024-05-06',
        'Shenzhen Port',
        'TRK5013A'
    ),
    (
        7017,
        5014,
        '2025-01-20',
        '2025-01-20',
        '2025-02-10',
        '2025-02-10',
        'Hamburg Port',
        'TRK5014A'
    ),
    (
        7018,
        5015,
        '2025-02-15',
        '2025-02-28',
        '2025-03-15',
        '2025-03-28',
        'Tokyo Port',
        'TRK5015A'
    ),
    (
        7019,
        5016,
        '2025-03-20',
        '2025-03-20',
        '2025-04-05',
        '2025-04-07',
        'Los Angeles Port',
        'TRK5016A'
    ),
    (
        7020,
        5017,
        '2025-04-15',
        '2025-04-25',
        '2025-05-10',
        '2025-05-20',
        'Singapore Port',
        'TRK5017A'
    ),
    (
        7021,
        5018,
        '2025-06-01',
        '2025-06-01',
        '2025-06-20',
        '2025-06-20',
        'Shenzhen Port',
        'TRK5018A'
    ),
    (
        7022,
        5019,
        '2025-06-25',
        '2025-07-10',
        '2025-07-20',
        '2025-08-04',
        'Bangkok Depot',
        'TRK5019A'
    ),
    (
        7023,
        5020,
        '2025-08-01',
        '2025-08-01',
        '2025-08-25',
        '2025-09-10',
        'Milan Port',
        'TRK5020A'
    ),
    (
        7024,
        5021,
        '2025-08-28',
        '2025-09-15',
        '2025-09-25',
        '2025-10-13',
        'Mumbai Port',
        'TRK5021A'
    ),
    (
        7025,
        5022,
        '2025-10-15',
        '2025-10-15',
        '2025-11-01',
        '2025-11-01',
        'Los Angeles Port',
        'TRK5022A'
    ),
    (
        7026,
        5023,
        '2025-12-10',
        '2025-12-25',
        '2026-01-10',
        '2026-01-25',
        'Tokyo Port',
        'TRK5023A'
    ),
    (
        7027,
        5024,
        '2026-01-24',
        '2026-01-24',
        '2026-02-10',
        '2026-02-10',
        'Shenzhen Port',
        'TRK5024A'
    ),
    (
        7028,
        5025,
        '2026-02-05',
        '2026-02-18',
        '2026-02-20',
        '2026-03-05',
        'Singapore Port',
        'TRK5025A'
    ),
    (
        7029,
        5026,
        '2026-02-25',
        '2026-02-25',
        '2026-03-15',
        '2026-03-20',
        'Hamburg Port',
        'TRK5026A'
    ),
    (
        7030,
        5027,
        '2026-03-20',
        '2026-04-05',
        '2026-04-10',
        '2026-04-26',
        'Milan Port',
        'TRK5027A'
    ),
    -- for task 6
    (
        7031,
        5028,
        '2024-02-12',
        '2024-02-12',
        '2024-02-26',
        '2024-02-26',
        'Shenzhen Port',
        'TRK5028A'
    ),
    (
        7032,
        5029,
        '2024-02-20',
        '2024-02-20',
        '2024-03-06',
        '2024-03-06',
        'Shenzhen Port',
        'TRK5029A'
    ),
    (
        7033,
        5030,
        '2024-03-04',
        '2024-03-04',
        '2024-03-10',
        '2024-03-10',
        'Shenzhen Port',
        'TRK5030A'
    );
--task 7
INSERT INTO SHIPMENT (
        ShipmentID,
        OrderID,
        ExpectedDispatchDate,
        ActualDispatchDate,
        ExpectedArrivalDate,
        ActualArrivalDate,
        OriginalLocation,
        TrackingNum
    )
VALUES (
        7034,
        5031,
        '2025-01-22',
        '2025-01-24',
        '2025-02-15',
        '2025-10-20',
        'Busan Terminal',
        'TRK5031A'
    ),
    (
        7035,
        5032,
        '2025-06-03',
        '2025-06-05',
        '2025-06-25',
        '2026-03-10',
        'Tokyo Port',
        'TRK5032A'
    ),
    (
        7036,
        5033,
        '2025-10-17',
        '2025-10-19',
        '2025-11-05',
        '2026-09-01',
        'Busan Terminal',
        'TRK5033A'
    );
INSERT INTO SHIPITEM (ItemSerial, ShipmentID, ShippedQty)
VALUES ('SN-1006', 7006, 200),
    ('SN-1006', 7007, 150),
    ('SN-1007', 7008, 180),
    ('SN-1008', 7009, 250),
    ('SN-1008', 7010, 170),
    ('SN-1009', 7011, 400),
    ('SN-1010', 7012, 280),
    ('SN-1011', 7013, 350),
    ('SN-1012', 7014, 120),
    ('SN-1012', 7015, 90),
    ('SN-1013', 7016, 450),
    ('SN-1014', 7017, 350),
    ('SN-1015', 7018, 50),
    ('SN-1016', 7019, 10000),
    ('SN-1017', 7020, 300),
    ('SN-1018', 7021, 60),
    ('SN-1019', 7022, 2000),
    ('SN-1020', 7023, 45),
    ('SN-1021', 7024, 100),
    ('SN-1022', 7025, 8000),
    ('SN-1023', 7026, 55),
    ('SN-1024', 7027, 300),
    ('SN-1025', 7028, 350),
    ('SN-1026', 7029, 12000),
    ('SN-1027', 7030, 50),
    --TASK 6
    ('SN-1028', 7031, 100),
    ('SN-1029', 7032, 50),
    ('SN-1030', 7033, 200);
--task 7 
INSERT INTO SHIPITEM (ItemSerial, ShipmentID, ShippedQty)
VALUES ('SN-1031', 7034, 350),
    ('SN-1032', 7035, 60),
    ('SN-1033', 7036, 10000);
-- 16. STAFF & EMPLOYEE & DRIVER
INSERT INTO STAFF (StaffID, [Name], [Type], HireDate)
VALUES (1, 'John Doe', 'Warehouse', '2020-01-01'),
    (2, 'Jane Smith', 'Driver', '2021-05-12'),
    (3, 'Mike Ross', 'Warehouse', '2022-03-15'),
    (4, 'Rachel Zane', 'Driver', '2022-06-01'),
    (5, 'Harvey Specter', 'Warehouse', '2019-11-20'),
    (6, 'Donna Paulsen', 'Driver', '2020-08-14'),
    (7, 'Louis Litt', 'Warehouse', '2021-02-10'),
    (8, 'Jessica Pearson', 'Driver', '2018-04-05');
INSERT INTO EMPLOYEE (StaffID, Certification, WarehouseID)
VALUES (1, 'Forklift Operator', 1),
    (3, 'Hazmat', 2),
    (5, 'Safety Officer', 3),
    (7, 'Forklift Operator', 4);
INSERT INTO DRIVER (
        StaffID,
        LicenseNumber,
        LicenseExpiration,
        VehicleID
    )
VALUES (2, 'DL-9988', '2028-12-31', 101),
    (4, 'DL-7766', '2027-05-15', 102),
    (6, 'DL-5544', '2029-01-20', 103),
    (8, 'DL-3322', '2026-11-10', 104);
-- 17. STOP
INSERT INTO STOP ([Sequence], RouteID, ActArrTime, EstArrTime)
VALUES (
        1,
        201,
        '2024-02-16 10:15:00',
        '2024-02-16 10:00:00'
    ),
    (
        2,
        201,
        '2024-02-16 13:30:00',
        '2024-02-16 13:00:00'
    ),
    (
        1,
        202,
        '2024-02-21 09:05:00',
        '2024-02-21 09:00:00'
    ),
    (
        2,
        202,
        '2024-02-21 11:45:00',
        '2024-02-21 11:30:00'
    ),
    (
        1,
        203,
        '2024-02-25 08:50:00',
        '2024-02-25 09:00:00'
    ),
    (
        1,
        204,
        '2024-03-02 10:00:00',
        '2024-03-02 10:00:00'
    ),
    (
        2,
        204,
        '2024-03-02 14:20:00',
        '2024-03-02 14:00:00'
    ),
    (
        1,
        205,
        '2024-03-05 09:30:00',
        '2024-03-05 09:00:00'
    ),
    (
        1,
        206,
        '2024-03-08 11:00:00',
        '2024-03-08 11:00:00'
    ),
    (
        1,
        207,
        '2024-04-15 14:30:00',
        '2024-04-09 10:00:00'
    ),
    (
        2,
        207,
        '2024-04-15 17:00:00',
        '2024-04-09 13:00:00'
    ),
    (
        1,
        208,
        '2024-04-02 09:20:00',
        '2024-03-28 09:00:00'
    ),
    (
        1,
        209,
        '2024-05-01 08:45:00',
        '2024-04-23 09:00:00'
    ),
    (
        2,
        209,
        '2024-05-01 12:00:00',
        '2024-04-23 12:00:00'
    ),
    (
        1,
        210,
        '2024-04-30 10:15:00',
        '2024-04-26 10:00:00'
    ),
    (
        1,
        211,
        '2024-05-06 13:00:00',
        '2024-04-29 10:00:00'
    ),
    (
        2,
        211,
        '2024-05-06 16:30:00',
        '2024-04-29 13:00:00'
    ),
    (
        1,
        212,
        '2025-02-10 10:00:00',
        '2025-02-10 10:00:00'
    ),
    (
        1,
        213,
        '2025-03-28 11:00:00',
        '2025-03-15 10:00:00'
    ),
    (
        2,
        213,
        '2025-03-28 14:30:00',
        '2025-03-15 13:00:00'
    ),
    (
        1,
        214,
        '2025-04-07 09:30:00',
        '2025-04-05 09:00:00'
    ),
    (
        1,
        215,
        '2025-05-20 10:00:00',
        '2025-05-10 10:00:00'
    ),
    (
        2,
        215,
        '2025-05-20 13:00:00',
        '2025-05-10 13:00:00'
    ),
    (
        1,
        216,
        '2025-06-20 09:00:00',
        '2025-06-20 09:00:00'
    ),
    (
        1,
        217,
        '2025-08-04 10:30:00',
        '2025-07-20 10:00:00'
    ),
    (
        2,
        217,
        '2025-08-04 14:00:00',
        '2025-07-20 13:30:00'
    ),
    (
        1,
        218,
        '2025-09-10 11:00:00',
        '2025-08-25 10:00:00'
    ),
    (
        1,
        219,
        '2025-10-13 09:00:00',
        '2025-09-25 09:00:00'
    ),
    (
        2,
        219,
        '2025-10-13 12:30:00',
        '2025-09-25 12:00:00'
    ),
    (
        1,
        220,
        '2025-11-01 10:00:00',
        '2025-11-01 10:00:00'
    ),
    (
        1,
        221,
        '2026-01-25 11:00:00',
        '2026-01-10 10:00:00'
    ),
    (
        2,
        221,
        '2026-01-25 14:30:00',
        '2026-01-10 13:00:00'
    ),
    (
        1,
        222,
        '2026-02-10 09:30:00',
        '2026-02-10 09:00:00'
    ),
    (
        1,
        223,
        '2026-03-05 10:00:00',
        '2026-02-20 10:00:00'
    ),
    (
        1,
        224,
        '2026-03-20 09:00:00',
        '2026-03-15 09:00:00'
    ),
    (
        1,
        225,
        '2026-04-26 13:00:00',
        '2026-04-10 10:00:00'
    ),
    (
        2,
        225,
        '2026-04-26 16:00:00',
        '2026-04-10 13:00:00'
    ),
    --task 6
    (
        1,
        226,
        '2024-02-26 10:00:00',
        '2024-02-26 10:00:00'
    ),
    (
        1,
        227,
        '2024-03-06 10:00:00',
        '2024-03-06 10:00:00'
    ),
    (
        1,
        228,
        '2024-03-10 10:00:00',
        '2024-03-10 10:00:00'
    );
-- task 7 
INSERT INTO STOP ([Sequence], RouteID, ActArrTime, EstArrTime)
VALUES (
        1,
        229,
        '2025-10-20 10:00:00',
        '2025-02-15 10:00:00'
    ),
    (
        1,
        230,
        '2026-03-10 10:00:00',
        '2025-06-25 10:00:00'
    ),
    (
        1,
        231,
        '2026-09-01 10:00:00',
        '2025-11-05 10:00:00'
    );
-- 18. DELIVERY (Added deliveries for shipments 7009-7015)
INSERT INTO DELIVERY (
        [Date],
        WarehouseID,
        VehicleID,
        ShipmentID,
        RouteID
    )
VALUES ('2024-02-16', 7, 101, 7006, 201),
    ('2024-02-21', 7, 102, 7007, 202),
    ('2024-02-25', 7, 103, 7008, 203),
    ('2024-03-02', 8, 101, 7009, 204),
    ('2024-03-05', 8, 102, 7010, 205),
    ('2024-03-08', 2, 103, 7011, 206),
    ('2024-04-15', 1, 101, 7012, 207),
    ('2024-04-02', 1, 102, 7013, 208),
    ('2024-05-01', 6, 103, 7014, 209),
    ('2024-04-30', 6, 104, 7015, 210),
    ('2024-05-06', 4, 101, 7016, 211),
    ('2025-02-10', 6, 101, 7017, 212),
    ('2025-03-28', 8, 102, 7018, 213),
    ('2025-04-07', 4, 103, 7019, 214),
    ('2025-05-20', 1, 104, 7020, 215),
    ('2025-06-20', 1, 101, 7021, 216),
    ('2025-08-04', 7, 102, 7022, 217),
    ('2025-09-10', 6, 103, 7023, 218),
    ('2025-10-13', 1, 104, 7024, 219),
    ('2025-11-01', 5, 101, 7025, 220),
    ('2026-01-25', 8, 102, 7026, 221),
    ('2026-02-10', 1, 103, 7027, 222),
    ('2026-03-05', 2, 104, 7028, 223),
    ('2026-03-20', 6, 101, 7029, 224),
    ('2026-04-26', 6, 102, 7030, 225),
    --task 6
    ('2024-02-26', 1, 101, 7031, 226),
    ('2024-03-06', 1, 102, 7032, 227),
    ('2024-03-10', 2, 103, 7033, 228);
--task 7
INSERT INTO DELIVERY (
        [Date],
        WarehouseID,
        VehicleID,
        ShipmentID,
        RouteID
    )
VALUES ('2025-10-20', 6, 103, 7034, 229),
    ('2026-03-10', 1, 104, 7035, 230),
    ('2026-09-01', 5, 101, 7036, 231);
-- 19. SUPPLIER_HAS_PURCHASEORDER
INSERT INTO SUPPLIER_HAS_PURCHASEORDER (OrderID, SupplierID)
VALUES (5001, 1),
    (5002, 2),
    (5003, 3),
    (5004, 1),
    (5005, 7),
    (5006, 4),
    (5007, 4),
    (5008, 6),
    (5009, 2),
    (5010, 6),
    (5011, 5),
    (5012, 3),
    (5013, 1),
    (5014, 3),
    (5015, 6),
    (5016, 2),
    (5017, 5),
    (5018, 1),
    (5019, 4),
    (5020, 8),
    (5021, 7),
    (5022, 2),
    (5023, 6),
    (5024, 1),
    (5025, 5),
    (5026, 3),
    (5027, 8);
-- TASK 6
INSERT INTO SUPPLIER_HAS_PURCHASEORDER (OrderID, SupplierID)
VALUES (5028, 1),
    (5029, 1),
    (5030, 1);
-- task 7
INSERT INTO SUPPLIER_HAS_PURCHASEORDER (OrderID, SupplierID)
VALUES (5031, 3),
    (5032, 1),
    (5033, 2);
-- 20. SHIPMENT_HAS_SUPPLIER
INSERT INTO SHIPMENT_HAS_SUPPLIER (ShipmentID, SupplierID)
VALUES (7004, 1),
    (7005, 7),
    (7006, 4),
    (7007, 4),
    (7008, 4),
    (7009, 6),
    (7010, 6),
    (7011, 2),
    (7012, 6),
    (7013, 5),
    (7014, 3),
    (7015, 3),
    (7016, 1),
    (7017, 3),
    (7018, 6),
    (7019, 2),
    (7020, 5),
    (7021, 1),
    (7022, 4),
    (7023, 8),
    (7024, 7),
    (7025, 2),
    (7026, 6),
    (7027, 1),
    (7028, 5),
    (7029, 3),
    (7030, 8),
    --TASK 6
    (7031, 1),
    (7032, 1),
    (7033, 1);
--task 7 
INSERT INTO SHIPMENT_HAS_SUPPLIER (ShipmentID, SupplierID)
VALUES (7034, 3),
    (7035, 1),
    (7036, 2);
-- 21. SHIPMENT_TO_WAREHOUSE
INSERT INTO SHIPMENT_TO_WAREHOUSE (ShipmentID, WarehouseID)
VALUES (7004, 1),
    (7005, 2),
    (7006, 7),
    (7007, 7),
    (7008, 7),
    (7009, 8),
    (7010, 8),
    (7011, 2),
    (7012, 1),
    (7013, 1),
    (7014, 6),
    (7015, 6),
    (7016, 4),
    (7017, 6),
    (7018, 8),
    (7019, 4),
    (7020, 1),
    (7021, 1),
    (7022, 7),
    (7023, 6),
    (7024, 1),
    (7025, 5),
    (7026, 8),
    (7027, 1),
    (7028, 2),
    (7029, 6),
    (7030, 6),
    -- task 6
    (7031, 1),
    (7032, 1),
    (7033, 2);
--task 7 
INSERT INTO SHIPMENT_TO_WAREHOUSE (ShipmentID, WarehouseID)
VALUES (7034, 6),
    (7035, 1),
    (7036, 5);